<?xml version="1.0" encoding="utf-8"?>
<!DOCTYPE install SYSTEM "http://dev.joomla.org/xml/1.5/module-install.dtd">
<extension type="module" version="1.6.0" client="site" method="upgrade">
    <name>mod_wumla</name>
    <author>Eugenio Palumbo</author>
    <creationDate>Jan 21, 2013</creationDate>
    <copyright>2013 © WuBook s.r.l.</copyright>
    <license>BSD</license>
    <authorEmail>steel@wubook.net</authorEmail>
    <authorUrl>http://en.wubook.net/</authorUrl>
    <version>0.2b</version>
    <description>This plugin allows you to insert an online reception into your website</description>
    <files>
	<filename module="mod_wumla">mod_wumla.php</filename>
    </files>
    <config>
	<fields name="params">
	    <fieldset name="basic">
		<field name="wu_snippet_widget" type="hidden" default=""/>
		<field name="wu_snippet_iframe" type="hidden" default=""/>
		<field name="wu_snippet_last_update" type="hidden" default="0"/>

		<field
		    name="wu_lcode"
		    type="text"
		    default="1213394817"
		    label="Lodging code"
		    description="You can retreive it in the WuBook extranet panel.">
		</field>

		<field name="@spacer" type="spacer" default="" label="" description="" />

		<field
		    name="wu_width"
		    type="text"
		    default="200"
		    label="Width"
		    description="The width of the widget (integer). Default value is 200.">
		</field>

		<field
		    name="wu_height"
		    type="text"
		    default="auto"
		    label="Height"
		    description="The height of the widget (integer). Default value is auto.">
		</field>

		<field
		    name="wu_email"
		    type="checkbox"
		    label="Hide e-Mail"
		    value="1"
		    description="Show the feedback form in the widget (0 or 1). Default is 1.">
		</field>

		<field
		    name="wu_cancel"
		    type="checkbox"
		    label="Hide Cancellation"
		    value="1"
		    description="Show the cancellation form in the widget (0 or 1). Default is 1.">
		</field>

		<field
		    name="wu_lang"
		    type="list"
		    default=""
		    label="Language"
		    description="The language, no param means auto-detect.">
			<option value="">Autodetect</option>
			<option value="en">en</option>
			<option value="it">it</option>
			<option value="de">de</option>
			<option value="fr">fr</option>
			<option value="es">es</option>
			<option value="pt">pt</option>
			<option value="ru">ru</option>
			<option value="nl">nl</option>
			<option value="cs">cs</option>
			<option value="fi">fi</option>
			<option value="gr">gr</option>
			<option value="hr">hr</option>
			<option value="ro">ro</option>
		</field>

		<field
		    name="wu_dates"
		    type="checkbox"
		    label="Hide Dates"
		    value="1"
		    description="Dates selection (dates selection is not mandatory to open Online Reception), 0 or 1. Default is 1.">
		</field>

		<field
		    name="wu_failback_lang"
		    type="list"
		    default="en"
		    label="Failback language"
		    description="Just in case language is not specified and server cannot detect the language: this language will be used.">
			<option value="en">en</option>
			<option value="it">it</option>
			<option value="de">de</option>
			<option value="fr">fr</option>
			<option value="es">es</option>
			<option value="pt">pt</option>
			<option value="ru">ru</option>
			<option value="nl">nl</option>
			<option value="cs">cs</option>
			<option value="fi">fi</option>
			<option value="gr">gr</option>
			<option value="hr">hr</option>
			<option value="ro">ro</option>
		</field>


		<field
		    name="wu_bgcolor"
		    type="color"
		    default="#E7F2E7"
		    label="Background color"
		    description="Background color. Default is #E7F2E7.">
		</field>

		<field
		    name="wu_textcolor"
		    type="color"
		    default="#003D18"
		    label="Font color"
		    description="The fonts color. Default is #003D18.">
		</field>

		<field
		    name="wu_cards"
		    type="checkbox"
		    label="Hide Cards"
		    value="1"
		    description="Show cards icons (0 or 1). Default is 1.">
		</field>

		<field
		    name="wu_wbgoogle"
		    type="checkbox"
		    label="Disable Google integration"
		    value="1"
		    description="Google Analytics enabled (0 or 1). Default is 1.">
		</field>

		<field
		    name="wu_bestprice"
		    type="checkbox"
		    label="Hide Best price"
		    value="1"
		    description="Show the Best Price icon (0 or 1). Default is 1.">
		</field>

		<field
		    name="wu_bids"
		    type="checkbox"
		    label="Hide Bids"
		    value="1"
		    description="Show the Bids Icon (0 or 1). Default is 1.">
		</field>

		<field
		    name="wu_layout"
		    type="list"
		    default=""
		    label="Layout"
		    description="Use a specific theme (optional).">
			<option value="">Default</option>
            <option value="accoglientedimora">accoglientedimora</option>
            <option value="akvarel">akvarel</option>
            <option value="ammende">ammende</option>
            <option value="anknh">anknh</option>
            <option value="antico">antico</option>
            <option value="aquamarine">aquamarine</option>
            <option value="asphalt">asphalt</option>
            <option value="asteriaruan">asteriaruan</option>
            <option value="atlantic">atlantic</option>
            <option value="autosole">autosole</option>
            <option value="aventinn">aventinn</option>
            <option value="avrora">avrora</option>
            <option value="bear">bear</option>
            <option value="beshtau">beshtau</option>
            <option value="bestpriced">bestpriced</option>
            <option value="ckamur">ckamur</option>
            <option value="compact">compact</option>
            <option value="cortedeineri">cortedeineri</option>
            <option value="demetra">demetra</option>
            <option value="demo5">demo5</option>
            <option value="diaber">diaber</option>
            <option value="dianapalace">dianapalace</option>
            <option value="dostoevsky">dostoevsky</option>
            <option value="dulac">dulac</option>
            <option value="easthotel">easthotel</option>
            <option value="feetuphostels">feetuphostels</option>
            <option value="fellini">fellini</option>
            <option value="fincaeltossal">fincaeltossal</option>
            <option value="forest">forest</option>
            <option value="garage">garage</option>
            <option value="gardenia">gardenia</option>
            <option value="golicin">golicin</option>
            <option value="gondola">gondola</option>
            <option value="hm">hm</option>
            <option value="hotelpeople">hotelpeople</option>
            <option value="hotelreale">hotelreale</option>
            <option value="hotelsteam">hotelsteam</option>
            <option value="inga">inga</option>
            <option value="iris">iris</option>
            <option value="kamalame">kamalame</option>
            <option value="kanopi">kanopi</option>
            <option value="kantar">kantar</option>
            <option value="kimal">kimal</option>
            <option value="krononby">krononby</option>
            <option value="lightgray">lightgray</option>
            <option value="likehome">likehome</option>
            <option value="malaga">malaga</option>
            <option value="marshal">marshal</option>
            <option value="meridian13">meridian13</option>
            <option value="nautilusinn">nautilusinn</option>
            <option value="octaviana">octaviana</option>
            <option value="orangewhite">orangewhite</option>
            <option value="orchideahotel">orchideahotel</option>
            <option value="palau">palau</option>
            <option value="paraiso">paraiso</option>
            <option value="parkinn">parkinn</option>
            <option value="purple">purple</option>
            <option value="pushkin">pushkin</option>
            <option value="redgrey">redgrey</option>
            <option value="residencemoika">residencemoika</option>
            <option value="rivendell">rivendell</option>
            <option value="royal">royal</option>
            <option value="sabbia">sabbia</option>
            <option value="serious">serious</option>
            <option value="shelfort">shelfort</option>
            <option value="skifmusic">skifmusic</option>
            <option value="smartflats">smartflats</option>
            <option value="snprtmnts_np">snprtmnts_np</option>
            <option value="sofi">sofi</option>
            <option value="station">station</option>
            <option value="symfony">symfony</option>
            <option value="thehatmadrid">thehatmadrid</option>
            <option value="thin">thin</option>
            <option value="triangle">triangle</option>
            <option value="valenciafreedays">valenciafreedays</option>
            <option value="vega">vega</option>
            <option value="vergaz">vergaz</option>
            <option value="vesta">vesta</option>
            <option value="vesta_exiterra">vesta_exiterra</option>
            <option value="vesta_t">vesta_t</option>
            <option value="wcdonald">wcdonald</option>
            <option value="welna">welna</option>
            <option value="wrchotel">wrchotel</option>
            <option value="wubook">wubook</option>
            <option value="wugle">wugle</option>
            <option value="zak">zak</option>
            <option value="zen">zen</option>
            <option value="zizi">zizi</option>
                       		</field>
	    </fieldset>

	    <fieldset name="advanced">
		<field
		    name="wu_css"
		    type="textarea"
		    default=""
		    rows="4"
		    cols="26"
		    filter="raw"
		    label="CSS"
		    description='Inline css to fully customize the widget (optional). Example: css="a {font-size: 100px}"'>
		</field>
	    </fieldset>
	    <fieldset name="iframe">
		<field
		    name="wu_width_iframe"
		    type="text"
		    default="840"
		    label="Width"
		    description="The width of the iframe (integer). Default value is 840.">
		</field>

		<field
		    name="wu_height_iframe"
		    type="text"
		    default="auto"
		    label="Height"
		    description="The height of the iframe (integer). Default value is auto.">
		</field>

		<field
		    name="wu_update"
		    type="list"
		    default=""
		    label="Internal parameter"
		    description="It's an internal parameter: you don't need to change this.">
			<option value="1"></option>
		</field>
	    </fieldset>
	</fields>
    </config>
</extension>