<?xml version="1.0" encoding="utf-8"?>
<extension version="1.7" type="plugin" group="content">
<name>PluginWuBookRecetion</name>
<author>Eugenio Palumbo</author>
<creationDate>Agosto 2013</creationDate>
<copyright>Copyright 2013 - WuBook s.r.l. - All rights reserved.</copyright>
<license>GPL General Public License version 2 or later; see LICENSE.txt</license>
<authorEmail>steel@wubook.net</authorEmail>
<authorUrl>en.wubook.net</authorUrl>
<version>1.0.0</version>
<description>Plugin Creato da Eugenio Palumbo per WuBook s.r.l.</description>
<files>
  <filename plugin="plg_wumla">plg_wumla.php</filename>
  <filename>index.html</filename>
</files>
<languages>
</languages>
</extension>